{
  "0.269603912934932": [
    {
      "complaintId": "0.269603912934932",
      "workstatus": "pending",
      "title": "Documentation",
      "description": "File has been created.",
      "photoUrl": "",
      "dateTime": "2025-12-18T13:51"
    },
    {
      "complaintId": "0.269603912934932",
      "workstatus": "work-on-progress",
      "title": "plumbers are deployed",
      "description": "Municipal plumbers and workers are deployed. ",
      "photoUrl": "https://thumbs.dreamstime.com/b/plumber-standing-pit-engaged-elimination-communal-accident-outdoors-utility-worker-fixing-broken-water-main-welding-work-229691308.jpg",
      "dateTime": "2025-12-19T14:00"
    }
  ]
}